{"stats":{"minecraft:crafted":{"minecraft:wooden_sword":2,"minecraft:oak_planks":12,"minecraft:stone_shovel":3,"comforts:sleeping_bag_white":2,"minecraft:birch_boat":3,"minecraft:furnace":10,"minecraft:cobblestone_stairs":4,"minecraft:cooked_mutton":8,"minecraft:iron_boots":1,"minecraft:stone_pickaxe":3,"minecraft:chest":8,"minecraft:wheat":258,"minecraft:crafting_table":2,"minecraft:wooden_pickaxe":2,"minecraft:baked_potato":7,"minecraft:iron_helmet":2,"minecraft:birch_planks":56,"minecraft:stone_axe":3,"minecraft:painting":1,"minecraft:bread":90,"minecraft:iron_chestplate":1,"minecraft:stick":36,"minecraft:iron_ingot":29,"minecraft:wooden_axe":2,"minecraft:stone_sword":2,"minecraft:acacia_door":3,"minecraft:iron_leggings":1,"minecraft:acacia_planks":284,"minecraft:torch":36},"minecraft:broken":{"minecraft:stone_pickaxe":2,"minecraft:wooden_axe":1,"minecraft:stone_shovel":1},"minecraft:mined":{"minecraft:brewing_stand":2,"minecraft:glow_lichen":2,"minecraft:granite":47,"minecraft:acacia_log":89,"minecraft:allium":2,"minecraft:grass_block":103,"minecraft:spruce_fence":1,"minecraft:sandstone":9,"minecraft:hay_block":30,"minecraft:furnace":9,"minecraft:carrots":10,"minecraft:iron_ore":17,"minecraft:andesite":32,"minecraft:potatoes":8,"minecraft:lantern":12,"minecraft:stone":217,"minecraft:cut_sandstone":16,"minecraft:acacia_leaves":2,"minecraft:crafting_table":8,"minecraft:melon":5,"minecraft:cobblestone":72,"minecraft:copper_ore":19,"minecraft:tall_grass":6,"minecraft:lapis_ore":1,"minecraft:cyan_bed":4,"minecraft:sugar_cane":3,"minecraft:wall_torch":4,"minecraft:coarse_dirt":2,"minecraft:birch_log":7,"minecraft:birch_leaves":1,"minecraft:grass":31,"minecraft:coal_ore":13,"minecraft:oak_log":5,"minecraft:beetroots":1,"minecraft:light_blue_candle":8,"minecraft:dirt":38,"minecraft:gravel":2,"minecraft:sandstone_wall":1,"minecraft:acacia_planks":7,"minecraft:deepslate":1,"minecraft:oak_leaves":2},"minecraft:picked_up":{"minecraft:wooden_axe":1,"minecraft:coarse_dirt":4,"minecraft:crafting_table":8,"minecraft:wooden_pickaxe":1,"minecraft:brewing_stand":4,"minecraft:raw_copper":62,"minecraft:wooden_sword":5,"minecraft:compass":1,"comforts:sleeping_bag_white":1,"minecraft:beef":14,"minecraft:iron_pickaxe":1,"minecraft:melon_slice":55,"minecraft:sugar_cane":6,"minecraft:egg":1,"minecraft:furnace":7,"minecraft:stick":14,"minecraft:raw_iron":15,"minecraft:sandstone":8,"minecraft:torch":4,"minecraft:acacia_log":71,"minecraft:spruce_fence":1,"minecraft:porkchop":10,"minecraft:carrot":38,"minecraft:arrow":1,"minecraft:hay_block":30,"minecraft:mutton":26,"minecraft:cobblestone":286,"minecraft:white_wool":15,"minecraft:birch_log":14,"minecraft:andesite":32,"minecraft:leather":5,"minecraft:brown_wool":1,"minecraft:cut_sandstone":1,"minecraft:potato":32,"minecraft:oak_log":3,"minecraft:map":5,"minecraft:dirt":94,"minecraft:lapis_lazuli":10,"minecraft:lantern":13,"minecraft:acacia_planks":15,"minecraft:apple":8,"minecraft:wheat_seeds":26,"minecraft:iron_ingot":1,"minecraft:stone_pickaxe":3,"minecraft:rabbit":1,"minecraft:acacia_sapling":4,"minecraft:birch_boat":2,"minecraft:gravel":4,"minecraft:cyan_bed":4,"minecraft:granite":48,"minecraft:painting":53,"minecraft:gray_wool":1,"minecraft:emerald":7,"minecraft:oak_sapling":1,"minecraft:coal":22,"minecraft:light_blue_candle":29,"minecraft:ender_pearl":2},"minecraft:dropped":{"minecraft:iron_ingot":1,"minecraft:birch_planks":5,"minecraft:lapis_lazuli":5,"minecraft:ender_pearl":1,"minecraft:iron_helmet":1,"minecraft:apple":8,"minecraft:coal":5,"minecraft:stick":12,"minecraft:emerald":7,"minecraft:dirt":8,"minecraft:brewing_stand":2,"minecraft:wooden_axe":2,"minecraft:melon_slice":25,"minecraft:brown_wool":1,"minecraft:map":5,"tombstone:grave_dust":1,"minecraft:wooden_sword":5,"minecraft:acacia_planks":8,"minecraft:stone_axe":2,"minecraft:compass":1,"minecraft:sugar_cane":3,"minecraft:stone_sword":1,"minecraft:iron_boots":1,"minecraft:potato":42,"minecraft:acacia_sapling":4,"comforts:sleeping_bag_white":1,"minecraft:painting":5,"minecraft:birch_boat":2,"minecraft:arrow":1,"minecraft:stone_pickaxe":2,"minecraft:wooden_pickaxe":2},"minecraft:killed_by":{"minecraft:zombie_villager":1},"minecraft:custom":{"minecraft:mob_kills":36,"minecraft:interact_with_crafting_table":39,"minecraft:open_barrel":3,"minecraft:leave_game":1,"minecraft:time_since_death":89832,"minecraft:climb_one_cm":3041,"minecraft:sprint_one_cm":480434,"minecraft:walk_one_cm":457684,"minecraft:drop":42,"minecraft:talked_to_villager":4,"minecraft:play_time":156841,"minecraft:deaths":1,"minecraft:sneak_time":386,"minecraft:walk_under_water_one_cm":2016,"minecraft:boat_one_cm":356527,"minecraft:jump":2292,"minecraft:interact_with_brewingstand":1,"minecraft:walk_on_water_one_cm":28033,"minecraft:total_world_time":156841,"minecraft:interact_with_furnace":44,"minecraft:sleep_in_bed":9,"minecraft:time_since_rest":10091,"minecraft:damage_taken":1031,"minecraft:damage_dealt":4174,"minecraft:swim_one_cm":10847,"minecraft:fly_one_cm":435106,"minecraft:open_chest":37,"minecraft:crouch_one_cm":1928,"tombstone:undead_killed":3,"minecraft:fall_one_cm":60588,"minecraft:horse_one_cm":919},"minecraft:killed":{"minecraft:spider":2,"minecraft:pig":5,"minecraft:sheep":17,"minecraft:zombie":3,"minecraft:cow":8,"minecraft:enderman":1},"minecraft:used":{"minecraft:stone_sword":33,"minecraft:stone_shovel":138,"minecraft:chest":8,"minecraft:torch":39,"minecraft:granite":9,"minecraft:wooden_axe":33,"minecraft:iron_helmet":2,"minecraft:furnace":17,"tombstone:gift":2,"comforts:sleeping_bag_white":1,"minecraft:cooked_beef":11,"minecraft:acacia_planks":172,"minecraft:cooked_mutton":8,"minecraft:cobblestone_stairs":2,"minecraft:bundle":2,"minecraft:stone_pickaxe":463,"minecraft:birch_boat":3,"minecraft:wooden_pickaxe":8,"minecraft:cut_sandstone":1,"biomemakeover:cowboy_hat":3,"minecraft:crafting_table":10,"minecraft:painting":54,"minecraft:acacia_door":2,"minecraft:melon_slice":5,"minecraft:cyan_bed":3,"minecraft:iron_pickaxe":46,"minecraft:stone_axe":185,"minecraft:wooden_sword":23,"minecraft:cobblestone":178}},"DataVersion":3465}