{"stats":{"minecraft:used":{"minecraft:jack_o_lantern":4,"minecraft:iron_shovel":779,"rechiseled:acacia_planks_tiles":1,"gobber2:gobber2_gooey_bread":2,"minecraft:shield":9,"minecraft:decorated_pot":3,"minecraft:green_banner":1,"minecraft:chest":29,"minecraft:iron_sword":166,"minecraft:player_head":1,"supplementaries:globe":1,"minecraft:nether_bricks":4,"minecraft:carrot":1,"minecraft:music_disc_13":2,"minecraft:glass":92,"minecraft:lime_banner":1,"minecraft:lantern":1,"biomesoplenty:fir_sapling":9,"minecraft:iron_helmet":1,"minecraft:item_frame":10,"minecraft:bow":11,"minecraft:furnace":8,"minecraft:cooked_cod":10,"minecraft:gray_banner":1,"minecraft:potato":225,"minecraft:dark_oak_stairs":2,"minecraft:mossy_stone_bricks":1,"minecraft:stone_pickaxe":40,"minecraft:oak_planks":4,"minecraft:wooden_pickaxe":3,"biomesoplenty:fir_boat":2,"biomesoplenty:fir_planks":319,"minecraft:golden_apple":7,"minecraft:sand":34,"minecraft:blast_furnace":4,"minecraft:black_banner":4,"minecraft:crossbow":15,"minecraft:note_block":1,"toolsofobsidian:obsidian_pickaxe":340,"minecraft:cyan_carpet":2,"minecraft:melon_slice":8,"minecraft:bread":34,"tombstone:grave_key":2,"minecraft:diamond_sword":20,"minecraft:grindstone":1,"minecraft:smithing_table":1,"minecraft:andesite":37,"supplementaries:bamboo_spikes":2,"minecraft:bone_meal":120,"minecraft:experience_bottle":2,"minecraft:armor_stand":1,"minecraft:stone_shovel":131,"minecraft:wooden_shovel":183,"minecraft:cooked_chicken":7,"minecraft:stick":2,"minecraft:torch":574,"minecraft:dirt":470,"minecraft:anvil":1,"rechiseled:acacia_planks_brick_paving":1,"minecraft:iron_hoe":55,"paraglider:horned_statue":1,"minecraft:wooden_axe":48,"minecraft:chipped_anvil":1,"aquaculture:iron_fishing_rod":18,"minecraft:iron_axe":409,"rechiseled:acacia_planks_mosaic":1,"gobber2:gobber2_gooey_beef":1,"minecraft:golden_carrot":3,"tombstone:gift":7,"minecraft:cooked_beef":10,"minecraft:cobbled_deepslate":64,"minecraft:acacia_planks":31,"minecraft:cooked_mutton":13,"minecraft:yellow_banner":1,"minecraft:acacia_boat":2,"minecraft:water_bucket":31,"taxov:block_sailor":2,"minecraft:bundle":1,"minecraft:baked_potato":42,"minecraft:cartography_table":1,"toolsofobsidian:obsidian_axe":767,"minecraft:music_disc_cat":4,"taxov:block_captain":1,"warhammersmod:hammer_wood":12,"minecraft:crafting_table":14,"supplementaries:bomb":1,"tombstone:bag_of_seeds":1,"minecraft:flower_pot":1,"minecraft:wooden_hoe":59,"minecraft:diamond_pickaxe":245,"minecraft:apple":8,"minecraft:iron_pickaxe":178,"minecraft:suspicious_stew":1,"tombstone:magic_scroll":1,"minecraft:spruce_trapdoor":1,"minecraft:golden_leggings":1,"minecraft:stone_axe":54,"biomesoplenty:fir_door":7,"minecraft:cobblestone":81,"minecraft:potion":3,"minecraft:bucket":31,"minecraft:red_banner":1,"minecraft:pumpkin_pie":7,"minecraft:yellow_bed":8,"alexsmobs:animal_dictionary":2,"biomesoplenty:fir_log":1,"minecraft:jukebox":1},"minecraft:mined":{"minecraft:dark_oak_planks":3,"minecraft:spruce_planks":3,"minecraft:stone_pressure_plate":1,"taxov:block_captain":1,"minecraft:jungle_slab":1,"minecraft:brewing_stand":1,"minecraft:obsidian":40,"minecraft:spruce_trapdoor":1,"minecraft:cave_vines_plant":1,"minecraft:acacia_log":31,"minecraft:stone_brick_wall":3,"minecraft:grass_block":343,"gobber2:gobber2_ore_deepslate":15,"gobber2:gobber2_lucky_block":1,"rechiseled:acacia_planks_mosaic":1,"minecraft:green_wall_banner":1,"minecraft:spawner":77,"minecraft:tall_seagrass":1,"minecraft:magma_block":39,"gobber2:gobber2_ore":2,"minecraft:mossy_cobblestone_stairs":1,"minecraft:dark_oak_trapdoor":1,"minecraft:iron_ore":5,"minecraft:anvil":1,"minecraft:nether_brick_stairs":5,"minecraft:dark_oak_stairs":9,"supplementaries:stick":2,"minecraft:iron_bars":40,"minecraft:player_head":1,"minecraft:deepslate_redstone_ore":6,"minecraft:quartz_block":1,"minecraft:blackstone":2,"minecraft:amethyst_cluster":1,"minecraft:yellow_banner":1,"minecraft:powder_snow":5,"minecraft:torch":18,"minecraft:note_block":3,"minecraft:jungle_stairs":8,"minecraft:blast_furnace":4,"minecraft:polished_andesite_stairs":1,"minecraft:chest":6,"minecraft:glass":2,"minecraft:cobblestone":11,"spelunkers_charm:deepslate_geyser":1,"minecraft:grindstone":1,"rechiseled:acacia_planks_brick_paving":1,"minecraft:prismarine":1,"minecraft:oak_planks":1,"minecraft:wall_torch":18,"minecraft:dark_oak_slab":1,"paraglider:horned_statue":1,"minecraft:wheat":24,"minecraft:jukebox":1,"minecraft:tnt":21,"biomesoplenty:fir_log":138,"minecraft:stone_brick_stairs":1,"minecraft:grass":39,"minecraft:oak_log":13,"minecraft:sand":668,"minecraft:dirt":115,"minecraft:crimson_planks":1,"minecraft:netherrack":2,"minecraft:oak_leaves":3,"minecraft:deepslate":41,"minecraft:emerald_block":3,"minecraft:purple_glazed_terracotta":2,"minecraft:mossy_cobblestone":10,"rechiseled:acacia_planks_tiles":1,"minecraft:jack_o_lantern":5,"minecraft:potted_flowering_azalea_bush":1,"minecraft:glow_lichen":1,"minecraft:nether_bricks":4,"minecraft:dark_oak_fence":1,"minecraft:chiseled_bookshelf":1,"biomesoplenty:bush":3,"minecraft:black_banner":1,"minecraft:spruce_fence":1,"minecraft:decorated_pot":4,"minecraft:birch_slab":4,"minecraft:cartography_table":1,"minecraft:sandstone":31,"biomesoplenty:tundra_shrub":1,"minecraft:hay_block":1,"minecraft:furnace":4,"supplementaries:bamboo_spikes":2,"minecraft:andesite":26,"minecraft:mossy_stone_brick_stairs":1,"minecraft:bookshelf":30,"biomesoplenty:fir_door":4,"minecraft:potatoes":102,"minecraft:lime_wall_banner":1,"minecraft:deepslate_iron_ore":4,"minecraft:vine":14,"minecraft:stone":266,"minecraft:white_wool":6,"minecraft:smithing_table":1,"minecraft:acacia_leaves":1,"minecraft:stone_brick_slab":2,"minecraft:red_banner":1,"minecraft:crafting_table":6,"taxov:block_sailor":3,"biomesoplenty:fir_planks":119,"spelunkers_charm:dead_grass":1,"minecraft:campfire":2,"minecraft:copper_ore":2,"minecraft:tall_grass":26,"minecraft:lapis_ore":1,"minecraft:deepslate_gold_ore":7,"supplementaries:urn":20,"minecraft:black_wall_banner":3,"minecraft:yellow_bed":7,"minecraft:black_wool":9,"minecraft:coal_ore":6,"biomesoplenty:fir_leaves":32,"minecraft:cyan_carpet":2,"minecraft:gravel":1,"minecraft:cracked_stone_bricks":3,"minecraft:acacia_planks":31,"minecraft:gold_ore":3,"minecraft:stone_bricks":6,"minecraft:polished_andesite":18,"minecraft:mossy_stone_bricks":7,"minecraft:chipped_anvil":1,"minecraft:fern":25},"minecraft:broken":{"minecraft:iron_shovel":3,"minecraft:wooden_shovel":3,"minecraft:stone_shovel":1,"minecraft:iron_axe":1,"minecraft:leather_boots":1,"minecraft:wooden_hoe":1},"minecraft:crafted":{"minecraft:oak_planks":12,"minecraft:cooked_mutton":13,"minecraft:glass":94,"minecraft:bow":1,"minecraft:iron_boots":1,"tombstone:grave_key":1,"minecraft:chest":23,"minecraft:item_frame":8,"minecraft:wooden_shovel":3,"minecraft:crafting_table":8,"minecraft:wooden_pickaxe":1,"minecraft:baked_potato":117,"minecraft:painting":2,"warhammersmod:hammer_wood":1,"rechiseled:chisel":1,"biomesoplenty:fir_planks":550,"minecraft:wooden_hoe":1,"minecraft:stick":296,"minecraft:iron_ingot":2,"minecraft:iron_pickaxe":1,"aquaculture:iron_fishing_rod":1,"biomesoplenty:fir_door":3,"minecraft:stone_shovel":1,"minecraft:jukebox":1,"minecraft:furnace":4,"minecraft:bone_meal":120,"minecraft:iron_axe":3,"minecraft:iron_hoe":1,"minecraft:stone_pickaxe":1,"minecraft:cooked_beef":1,"paraglider:paraglider":2,"biomesoplenty:fir_boat":4,"minecraft:iron_sword":1,"minecraft:bucket":4,"minecraft:stone_axe":1,"minecraft:acacia_boat":4,"minecraft:wooden_axe":2,"minecraft:iron_shovel":3,"minecraft:acacia_planks":120,"minecraft:torch":448},"minecraft:killed_by":{"minecraft:pillager":1,"alexsmobs:rhinoceros":1,"alexsmobs:centipede_head":1},"minecraft:dropped":{"minecraft:acacia_boat":2,"minecraft:oak_log":10,"paraglider:spirit_orb":12,"minecraft:emerald":4,"supplementaries:rope":5,"minecraft:iron_pickaxe":1,"paraglider:paraglider":1,"minecraft:cauldron":1,"minecraft:gold_ingot":3,"minecraft:bone":1,"minecraft:iron_nugget":5,"minecraft:obsidian":40,"minecraft:arrow":1,"minecraft:iron_ingot":14,"minecraft:enchanted_book":1,"minecraft:golden_boots":1,"minecraft:bread":1,"minecraft:golden_helmet":1,"biomesoplenty:fir_boat":2,"minecraft:cobblestone":26,"minecraft:chainmail_helmet":1,"warhammersmod:hammer_wood":1,"minecraft:stick":86,"minecraft:golden_carrot":1,"minecraft:torch":1,"minecraft:iron_leggings":2,"minecraft:iron_axe":1,"minecraft:string":2,"minecraft:bucket":2,"minecraft:bowl":1,"supplementaries:bomb":1,"minecraft:iron_boots":1,"sophisticatedbackpacks:backpack":1,"minecraft:nether_bricks":39,"aquaculture:blackfish":1,"minecraft:suspicious_stew":1,"biomesoplenty:fir_planks":306},"minecraft:killed":{"minecraft:cave_spider":14,"minecraft:witch":7,"minecraft:spider":23,"dungeonsweaponry:enchanter":2,"minecraft:skeleton":51,"minecraft:guardian":9,"minecraft:zombie_villager":6,"minecraft:creeper":5,"minecraft:sheep":13,"minecraft:pillager":27,"minecraft:zombie":70,"minecraft:stray":23,"minecraft:cow":2,"minecraft:evoker":1,"minecraft:vex":1,"minecraft:vindicator":2,"minecraft:drowned":15,"alexsmobs:tusklin":1,"minecraft:wandering_trader":1,"alexsmobs:gazelle":2,"minecraft:wither_skeleton":5},"minecraft:custom":{"minecraft:interact_with_crafting_table":101,"minecraft:open_barrel":75,"minecraft:bell_ring":1,"minecraft:eat_cake_slice":5,"minecraft:leave_game":5,"minecraft:time_since_death":409787,"minecraft:damage_resisted":5,"minecraft:sprint_one_cm":1604132,"minecraft:damage_blocked_by_shield":495,"minecraft:drop":63,"minecraft:play_noteblock":15,"minecraft:talked_to_villager":21,"minecraft:play_time":630572,"minecraft:deaths":4,"minecraft:jump":5566,"minecraft:walk_on_water_one_cm":115908,"minecraft:interact_with_furnace":74,"minecraft:play_record":6,"minecraft:interact_with_cartography_table":6,"minecraft:sleep_in_bed":19,"minecraft:damage_dealt":51148,"minecraft:crouch_one_cm":10777,"tombstone:undead_killed":170,"tombstone:villager_killed":1,"minecraft:interact_with_smoker":1,"minecraft:inspect_dispenser":6,"minecraft:horse_one_cm":553,"minecraft:interact_with_smithing_table":3,"minecraft:inspect_dropper":5,"minecraft:interact_with_anvil":19,"minecraft:mob_kills":288,"minecraft:damage_dealt_resisted":207,"minecraft:climb_one_cm":29275,"minecraft:walk_one_cm":2053723,"minecraft:damage_dealt_absorbed":209,"minecraft:sneak_time":3817,"minecraft:walk_under_water_one_cm":95790,"minecraft:boat_one_cm":1139786,"minecraft:interact_with_blast_furnace":23,"minecraft:total_world_time":630572,"tombstone:raider_killed":37,"minecraft:tune_noteblock":13,"minecraft:pot_flower":1,"minecraft:interact_with_grindstone":12,"minecraft:time_since_rest":124159,"minecraft:damage_taken":7798,"minecraft:damage_absorbed":244,"minecraft:swim_one_cm":405279,"minecraft:fly_one_cm":1030876,"minecraft:open_chest":711,"minecraft:fish_caught":8,"minecraft:fall_one_cm":109919},"minecraft:picked_up":{"minecraft:iron_chestplate":3,"minecraft:wheat":38,"minecraft:flower_pot":1,"minecraft:anvil":1,"minecraft:smithing_table":1,"aquaculture:blackfish":2,"minecraft:potion":2,"minecraft:enchanted_book":4,"minecraft:golden_shovel":2,"minecraft:stone_brick_stairs":2,"toolsofobsidian:obsidian_helmet":1,"alexsmobs:gazelle_horn":1,"minecraft:music_disc_cat":4,"minecraft:string":32,"minecraft:dark_oak_trapdoor":1,"minecraft:raw_copper":7,"minecraft:iron_leggings":5,"minecraft:pufferfish":1,"minecraft:gold_nugget":25,"minecraft:cobbled_deepslate":40,"biomesoplenty:fir_planks":122,"minecraft:spruce_planks":3,"minecraft:redstone_torch":1,"minecraft:iron_pickaxe":4,"minecraft:furnace":4,"minecraft:iron_boots":2,"minecraft:tipped_arrow":1,"minecraft:golden_helmet":3,"rechiseled:acacia_planks_mosaic":1,"minecraft:stick":24,"minecraft:sheaf_pottery_sherd":1,"minecraft:jukebox":1,"minecraft:torch":83,"minecraft:acacia_log":30,"aquaculture:atlantic_halibut":1,"tombstone:grave_dust":12,"rechiseled:acacia_planks_tiles":1,"taxov:block_captain":1,"minecraft:cauldron":1,"minecraft:yellow_banner":1,"minecraft:green_banner":1,"minecraft:rotten_flesh":72,"supplementaries:ash":81,"minecraft:cod":2,"minecraft:obsidian":80,"minecraft:iron_bars":17,"minecraft:snowball":1,"minecraft:cobblestone":243,"minecraft:magma_block":9,"minecraft:leather_chestplate":2,"minecraft:cooked_beef":3,"minecraft:birch_slab":4,"minecraft:andesite":64,"minecraft:brown_wool":1,"minecraft:potato":341,"biomesoplenty:fir_sapling":4,"biomesoplenty:fir_log":139,"paraglider:spirit_orb":211,"supplementaries:flax_seeds":3,"minecraft:lantern":1,"minecraft:dirt":500,"biomemakeover:crude_fragment":12,"minecraft:name_tag":2,"biomemakeover:crude_cladding":1,"minecraft:leather_boots":5,"minecraft:bone":93,"minecraft:chipped_anvil":1,"minecraft:acacia_planks":31,"minecraft:bow":4,"gobber2:gobber2_gooey_beef":1,"minecraft:wheat_seeds":150,"minecraft:raw_gold":7,"minecraft:grindstone":1,"gobber2:gobber2_globette":15,"minecraft:mossy_stone_bricks":4,"minecraft:powered_rail":2,"minecraft:mossy_stone_brick_stairs":1,"gobber2:gobber2_gooey_bread":1,"aquaculture:jellyfish":1,"minecraft:music_disc_13":2,"minecraft:poisonous_potato":4,"minecraft:jungle_planks":1,"minecraft:sand":708,"minecraft:nether_brick_stairs":4,"minecraft:jungle_slab":1,"minecraft:mossy_cobblestone":5,"minecraft:bundle":3,"minecraft:polished_andesite":37,"toolsofobsidian:obsidian_chestplate":1,"supplementaries:bamboo_spikes":2,"minecraft:diamond":1,"minecraft:deepslate":1,"minecraft:crossbow":1,"minecraft:emerald":38,"minecraft:chainmail_helmet":2,"minecraft:bread":10,"minecraft:jack_o_lantern":5,"minecraft:oak_sapling":3,"toolsofobsidian:obsidian_leggings":1,"minecraft:charcoal":4,"minecraft:crafting_table":6,"minecraft:leather_leggings":2,"minecraft:redstone_lamp":1,"spelunkers_charm:deepslate_rock":7,"rechiseled:acacia_planks_brick_paving":1,"minecraft:shield":1,"biomesoplenty:fir_door":4,"minecraft:item_frame":2,"minecraft:blackstone":2,"minecraft:cyan_carpet":3,"supplementaries:bomb":5,"minecraft:cartography_table":1,"minecraft:beef":3,"minecraft:player_head":1,"supplementaries:rope":5,"minecraft:chest":6,"minecraft:spruce_trapdoor":1,"minecraft:raw_iron":9,"minecraft:sandstone":32,"minecraft:spruce_fence":1,"minecraft:note_block":3,"sophisticatedbackpacks:backpack":3,"minecraft:carrot":1,"minecraft:redstone":30,"minecraft:dark_oak_planks":3,"minecraft:tnt":17,"toolsofobsidian:obsidian_boots":1,"minecraft:arrow":48,"minecraft:jungle_stairs":4,"minecraft:decorated_pot":3,"minecraft:beetroot_seeds":4,"minecraft:pumpkin_pie":7,"minecraft:nether_bricks":4,"minecraft:hay_block":1,"minecraft:black_banner":4,"minecraft:totem_of_undying":1,"minecraft:saddle":1,"tombstone:essence_of_undeath":2,"minecraft:gold_ingot":6,"paraglider:horned_statue":1,"minecraft:glow_berries":1,"minecraft:mutton":21,"minecraft:white_wool":12,"minecraft:rail":40,"minecraft:air":35,"minecraft:tripwire_hook":1,"minecraft:salmon":1,"toolsofobsidian:obsidian_axe":1,"minecraft:leather":10,"spelunkers_charm:old_miners_bundle":3,"minecraft:oak_log":13,"minecraft:chainmail_chestplate":1,"minecraft:yellow_bed":8,"minecraft:golden_boots":4,"minecraft:nether_wart_block":1,"minecraft:gunpowder":10,"minecraft:white_banner":1,"minecraft:stone_bricks":1,"minecraft:kelp":10,"aquaculture:pacific_halibut":2,"minecraft:iron_ingot":19,"minecraft:glass_bottle":15,"minecraft:flowering_azalea":1,"minecraft:iron_sword":2,"minecraft:dark_oak_stairs":3,"minecraft:book":116,"minecraft:emerald_block":4,"minecraft:stone_brick_slab":1,"minecraft:gravel":3,"minecraft:amethyst_shard":2,"minecraft:red_banner":1,"minecraft:blast_furnace":4,"minecraft:spruce_door":1,"minecraft:spider_eye":7,"aquaculture:message_in_a_bottle":1,"taxov:block_sailor":3,"tombstone:scroll_of_true_sight":1,"minecraft:lime_banner":1,"minecraft:pumpkin_seeds":3,"minecraft:gray_banner":1,"minecraft:chainmail_leggings":1,"minecraft:iron_helmet":2,"minecraft:diamond_axe":1,"minecraft:mossy_cobblestone_stairs":1,"tombstone:magic_scroll":1,"minecraft:baked_potato":4,"minecraft:black_wool":3,"minecraft:melon_seeds":4,"toolsofobsidian:obsidian_pickaxe":1,"minecraft:coal":53,"minecraft:hopper":2}},"DataVersion":3465}