{"stats":{"minecraft:used":{"minecraft:iron_shovel":250,"rechiseled:acacia_planks_tiles":1,"minecraft:green_banner":1,"minecraft:chest":15,"minecraft:iron_sword":166,"minecraft:player_head":1,"supplementaries:globe":1,"minecraft:glass":92,"minecraft:lime_banner":1,"biomesoplenty:fir_sapling":3,"minecraft:item_frame":2,"minecraft:furnace":5,"minecraft:stone_pickaxe":40,"minecraft:oak_planks":4,"minecraft:wooden_pickaxe":3,"biomesoplenty:fir_planks":282,"biomesoplenty:fir_boat":2,"minecraft:golden_apple":3,"minecraft:sand":33,"minecraft:blast_furnace":2,"minecraft:black_banner":4,"minecraft:crossbow":15,"minecraft:note_block":1,"toolsofobsidian:obsidian_pickaxe":249,"minecraft:bread":32,"minecraft:melon_slice":8,"minecraft:cyan_carpet":2,"tombstone:grave_key":2,"minecraft:grindstone":1,"minecraft:smithing_table":1,"minecraft:andesite":37,"minecraft:armor_stand":1,"minecraft:stone_shovel":131,"minecraft:wooden_shovel":183,"minecraft:stick":2,"minecraft:torch":161,"minecraft:dirt":69,"minecraft:anvil":1,"rechiseled:acacia_planks_brick_paving":1,"minecraft:wooden_axe":48,"minecraft:chipped_anvil":1,"minecraft:iron_axe":409,"rechiseled:acacia_planks_mosaic":1,"gobber2:gobber2_gooey_beef":1,"minecraft:golden_carrot":2,"tombstone:gift":4,"minecraft:cooked_beef":1,"minecraft:acacia_planks":31,"minecraft:cooked_mutton":13,"minecraft:water_bucket":1,"minecraft:acacia_boat":2,"minecraft:yellow_banner":1,"minecraft:baked_potato":4,"minecraft:cartography_table":1,"toolsofobsidian:obsidian_axe":170,"warhammersmod:hammer_wood":12,"minecraft:crafting_table":9,"supplementaries:bomb":1,"minecraft:apple":8,"minecraft:suspicious_stew":1,"minecraft:iron_pickaxe":178,"minecraft:stone_axe":54,"minecraft:cobblestone":14,"biomesoplenty:fir_door":7,"minecraft:red_banner":1,"minecraft:bucket":2,"minecraft:yellow_bed":6,"minecraft:pumpkin_pie":7,"alexsmobs:animal_dictionary":2,"biomesoplenty:fir_log":1},"minecraft:mined":{"minecraft:dark_oak_planks":2,"minecraft:brewing_stand":1,"minecraft:spruce_trapdoor":1,"minecraft:cave_vines_plant":1,"minecraft:acacia_log":31,"minecraft:grass_block":78,"minecraft:stone_brick_wall":3,"gobber2:gobber2_ore_deepslate":15,"gobber2:gobber2_lucky_block":1,"minecraft:green_wall_banner":1,"rechiseled:acacia_planks_mosaic":1,"minecraft:spawner":6,"minecraft:magma_block":39,"gobber2:gobber2_ore":2,"minecraft:dark_oak_trapdoor":1,"minecraft:iron_ore":5,"minecraft:anvil":1,"supplementaries:stick":2,"minecraft:player_head":1,"minecraft:deepslate_redstone_ore":6,"minecraft:blackstone":2,"minecraft:yellow_banner":1,"minecraft:torch":3,"minecraft:note_block":3,"minecraft:blast_furnace":2,"minecraft:polished_andesite_stairs":1,"minecraft:chest":2,"minecraft:glass":2,"minecraft:cobblestone":9,"spelunkers_charm:deepslate_geyser":1,"minecraft:grindstone":1,"rechiseled:acacia_planks_brick_paving":1,"minecraft:oak_planks":1,"minecraft:wall_torch":16,"minecraft:wheat":24,"minecraft:tnt":21,"biomesoplenty:fir_log":138,"minecraft:grass":27,"minecraft:oak_log":12,"minecraft:sand":517,"minecraft:dirt":12,"minecraft:crimson_planks":1,"minecraft:oak_leaves":3,"minecraft:deepslate":41,"minecraft:emerald_block":3,"minecraft:purple_glazed_terracotta":2,"minecraft:mossy_cobblestone":2,"rechiseled:acacia_planks_tiles":1,"minecraft:jack_o_lantern":1,"minecraft:glow_lichen":1,"minecraft:dark_oak_fence":1,"biomesoplenty:bush":3,"minecraft:black_banner":1,"minecraft:birch_slab":4,"minecraft:cartography_table":1,"minecraft:sandstone":12,"minecraft:hay_block":1,"minecraft:furnace":1,"minecraft:andesite":26,"minecraft:bookshelf":14,"biomesoplenty:fir_door":4,"minecraft:lime_wall_banner":1,"minecraft:deepslate_iron_ore":4,"minecraft:stone":200,"minecraft:white_wool":6,"minecraft:smithing_table":1,"minecraft:acacia_leaves":1,"minecraft:red_banner":1,"minecraft:crafting_table":3,"biomesoplenty:fir_planks":119,"minecraft:campfire":2,"minecraft:tall_grass":25,"minecraft:copper_ore":2,"minecraft:lapis_ore":1,"minecraft:deepslate_gold_ore":7,"supplementaries:urn":16,"minecraft:black_wall_banner":3,"minecraft:yellow_bed":5,"minecraft:black_wool":9,"minecraft:coal_ore":5,"biomesoplenty:fir_leaves":32,"minecraft:gravel":1,"minecraft:cyan_carpet":2,"minecraft:acacia_planks":31,"minecraft:polished_andesite":18,"minecraft:chipped_anvil":1,"minecraft:fern":13},"minecraft:custom":{"minecraft:interact_with_crafting_table":78,"minecraft:open_barrel":49,"minecraft:leave_game":2,"minecraft:time_since_death":62805,"minecraft:sprint_one_cm":612307,"minecraft:drop":38,"minecraft:play_noteblock":12,"minecraft:talked_to_villager":10,"minecraft:play_time":283590,"minecraft:deaths":4,"minecraft:jump":3222,"minecraft:walk_on_water_one_cm":51240,"minecraft:interact_with_furnace":41,"minecraft:interact_with_cartography_table":6,"minecraft:sleep_in_bed":13,"minecraft:damage_dealt":18022,"minecraft:crouch_one_cm":6251,"tombstone:undead_killed":46,"tombstone:villager_killed":1,"minecraft:interact_with_smoker":1,"minecraft:inspect_dispenser":6,"minecraft:horse_one_cm":553,"minecraft:interact_with_smithing_table":3,"minecraft:inspect_dropper":5,"minecraft:mob_kills":104,"minecraft:interact_with_anvil":1,"minecraft:damage_dealt_resisted":107,"minecraft:climb_one_cm":17417,"minecraft:walk_one_cm":964267,"minecraft:damage_dealt_absorbed":110,"minecraft:sneak_time":2684,"minecraft:walk_under_water_one_cm":18792,"minecraft:boat_one_cm":311051,"minecraft:interact_with_blast_furnace":18,"minecraft:total_world_time":283590,"tombstone:raider_killed":28,"minecraft:tune_noteblock":7,"minecraft:interact_with_grindstone":1,"minecraft:time_since_rest":62419,"minecraft:damage_taken":4759,"minecraft:damage_absorbed":40,"minecraft:swim_one_cm":127448,"minecraft:fly_one_cm":551537,"minecraft:open_chest":270,"minecraft:fall_one_cm":73850},"minecraft:dropped":{"minecraft:acacia_boat":2,"minecraft:oak_log":10,"minecraft:cauldron":1,"minecraft:bone":1,"minecraft:iron_nugget":5,"minecraft:arrow":1,"minecraft:iron_ingot":9,"biomesoplenty:fir_boat":2,"minecraft:cobblestone":26,"warhammersmod:hammer_wood":1,"minecraft:stick":69,"minecraft:golden_carrot":1,"minecraft:torch":1,"minecraft:iron_axe":1,"minecraft:bucket":1,"minecraft:bowl":1,"supplementaries:bomb":1,"sophisticatedbackpacks:backpack":1,"minecraft:suspicious_stew":1,"biomesoplenty:fir_planks":306},"minecraft:broken":{"minecraft:iron_shovel":1,"minecraft:wooden_shovel":3,"minecraft:stone_shovel":1,"minecraft:iron_axe":1,"minecraft:leather_boots":1},"minecraft:killed_by":{"minecraft:pillager":1,"alexsmobs:rhinoceros":1,"alexsmobs:centipede_head":1},"minecraft:picked_up":{"minecraft:wheat":35,"minecraft:anvil":1,"minecraft:smithing_table":1,"minecraft:potion":2,"minecraft:stone_brick_stairs":1,"toolsofobsidian:obsidian_helmet":1,"minecraft:dark_oak_trapdoor":1,"alexsmobs:gazelle_horn":1,"minecraft:string":3,"minecraft:raw_copper":7,"minecraft:gold_nugget":25,"minecraft:cobbled_deepslate":40,"biomesoplenty:fir_planks":121,"minecraft:redstone_torch":1,"minecraft:iron_pickaxe":2,"minecraft:furnace":1,"rechiseled:acacia_planks_mosaic":1,"minecraft:stick":5,"minecraft:acacia_log":30,"minecraft:torch":62,"tombstone:grave_dust":3,"rechiseled:acacia_planks_tiles":1,"minecraft:cauldron":1,"minecraft:yellow_banner":1,"minecraft:green_banner":1,"minecraft:rotten_flesh":24,"supplementaries:ash":66,"minecraft:cobblestone":215,"minecraft:magma_block":9,"minecraft:leather_chestplate":1,"minecraft:birch_slab":4,"minecraft:andesite":64,"minecraft:brown_wool":1,"biomesoplenty:fir_sapling":3,"biomesoplenty:fir_log":139,"paraglider:spirit_orb":12,"supplementaries:flax_seeds":2,"minecraft:dirt":87,"biomemakeover:crude_fragment":8,"minecraft:leather_boots":1,"minecraft:bone":24,"minecraft:chipped_anvil":1,"minecraft:acacia_planks":31,"gobber2:gobber2_gooey_beef":1,"minecraft:wheat_seeds":139,"minecraft:raw_gold":7,"minecraft:grindstone":1,"gobber2:gobber2_globette":15,"gobber2:gobber2_gooey_bread":1,"minecraft:sand":529,"minecraft:mossy_cobblestone":3,"minecraft:bundle":1,"minecraft:polished_andesite":37,"toolsofobsidian:obsidian_chestplate":1,"minecraft:deepslate":1,"minecraft:crossbow":1,"minecraft:bread":7,"minecraft:emerald":26,"minecraft:jack_o_lantern":1,"minecraft:oak_sapling":3,"toolsofobsidian:obsidian_leggings":1,"minecraft:charcoal":2,"minecraft:crafting_table":3,"minecraft:redstone_lamp":1,"spelunkers_charm:deepslate_rock":7,"rechiseled:acacia_planks_brick_paving":1,"biomesoplenty:fir_door":4,"minecraft:item_frame":2,"minecraft:cyan_carpet":3,"minecraft:blackstone":2,"supplementaries:bomb":5,"minecraft:cartography_table":1,"minecraft:player_head":1,"minecraft:chest":2,"minecraft:raw_iron":9,"minecraft:sandstone":13,"sophisticatedbackpacks:backpack":3,"minecraft:note_block":3,"minecraft:redstone":30,"minecraft:dark_oak_planks":3,"minecraft:tnt":17,"minecraft:arrow":48,"minecraft:pumpkin_pie":7,"minecraft:hay_block":1,"minecraft:black_banner":4,"minecraft:saddle":1,"minecraft:totem_of_undying":1,"minecraft:glow_berries":1,"minecraft:mutton":21,"minecraft:white_wool":12,"toolsofobsidian:obsidian_axe":1,"minecraft:leather":1,"minecraft:oak_log":12,"minecraft:yellow_bed":6,"minecraft:gunpowder":2,"minecraft:white_banner":1,"minecraft:kelp":10,"minecraft:iron_ingot":5,"minecraft:glass_bottle":6,"minecraft:book":42,"minecraft:emerald_block":4,"minecraft:gravel":1,"minecraft:red_banner":1,"minecraft:blast_furnace":2,"minecraft:lime_banner":1,"minecraft:iron_helmet":1,"minecraft:baked_potato":4,"minecraft:black_wool":3,"minecraft:coal":12,"toolsofobsidian:obsidian_pickaxe":1,"minecraft:hopper":2},"minecraft:crafted":{"minecraft:oak_planks":8,"minecraft:cooked_mutton":13,"minecraft:glass":94,"minecraft:iron_boots":1,"tombstone:grave_key":1,"minecraft:chest":13,"minecraft:wooden_shovel":3,"minecraft:crafting_table":6,"minecraft:wooden_pickaxe":1,"minecraft:baked_potato":1,"minecraft:painting":2,"warhammersmod:hammer_wood":1,"rechiseled:chisel":1,"biomesoplenty:fir_planks":550,"minecraft:wooden_hoe":1,"minecraft:stick":108,"minecraft:iron_ingot":2,"minecraft:iron_pickaxe":1,"biomesoplenty:fir_door":3,"minecraft:stone_shovel":1,"minecraft:furnace":4,"minecraft:iron_axe":3,"minecraft:stone_pickaxe":1,"minecraft:cooked_beef":1,"biomesoplenty:fir_boat":4,"minecraft:iron_sword":1,"minecraft:bucket":2,"minecraft:stone_axe":1,"minecraft:acacia_boat":4,"minecraft:wooden_axe":2,"minecraft:iron_shovel":1,"minecraft:acacia_planks":120,"minecraft:torch":116},"minecraft:killed":{"minecraft:witch":3,"minecraft:spider":6,"minecraft:skeleton":19,"minecraft:zombie_villager":4,"minecraft:creeper":2,"minecraft:sheep":13,"minecraft:pillager":23,"minecraft:zombie":23,"minecraft:evoker":1,"minecraft:vex":1,"minecraft:vindicator":1,"minecraft:wandering_trader":1,"alexsmobs:gazelle":2}},"DataVersion":3465}