{"stats":{"minecraft:crafted":{"minecraft:wooden_sword":2,"minecraft:crafting_table":1,"minecraft:birch_boat":3,"minecraft:wooden_pickaxe":2,"minecraft:furnace":1,"minecraft:birch_planks":56,"minecraft:stone_axe":2,"minecraft:cooked_mutton":8,"minecraft:stick":32,"minecraft:stone_pickaxe":3,"minecraft:wooden_axe":2,"minecraft:stone_sword":2,"minecraft:torch":28},"minecraft:picked_up":{"minecraft:wooden_axe":1,"minecraft:birch_log":14,"minecraft:crafting_table":5,"minecraft:andesite":32,"minecraft:leather":5,"minecraft:brown_wool":1,"minecraft:wooden_pickaxe":1,"minecraft:oak_log":3,"minecraft:brewing_stand":1,"minecraft:lapis_lazuli":5,"minecraft:dirt":8,"minecraft:raw_copper":62,"minecraft:wooden_sword":2,"minecraft:stone_pickaxe":3,"minecraft:beef":14,"minecraft:melon_slice":5,"minecraft:sugar_cane":3,"minecraft:furnace":3,"minecraft:raw_iron":14,"minecraft:birch_boat":2,"minecraft:gravel":4,"minecraft:porkchop":10,"minecraft:arrow":1,"minecraft:hay_block":9,"minecraft:granite":48,"minecraft:gray_wool":1,"minecraft:mutton":26,"minecraft:coal":11,"minecraft:white_wool":15,"minecraft:cobblestone":149},"minecraft:dropped":{"minecraft:stone_axe":1,"minecraft:stone_sword":1,"minecraft:wooden_axe":2,"minecraft:wooden_sword":3,"minecraft:birch_boat":2,"minecraft:arrow":1,"minecraft:wooden_pickaxe":2,"minecraft:stone_pickaxe":1},"minecraft:killed":{"minecraft:pig":5,"minecraft:spider":2,"minecraft:sheep":17,"minecraft:zombie":2,"minecraft:cow":8},"minecraft:broken":{"minecraft:stone_pickaxe":2,"minecraft:wooden_axe":1},"minecraft:custom":{"minecraft:interact_with_furnace":8,"minecraft:mob_kills":34,"minecraft:interact_with_crafting_table":8,"minecraft:leave_game":1,"minecraft:time_since_death":49917,"minecraft:sleep_in_bed":2,"minecraft:climb_one_cm":56,"minecraft:time_since_rest":1774,"minecraft:sprint_one_cm":149096,"minecraft:damage_taken":235,"minecraft:walk_one_cm":155684,"minecraft:drop":13,"minecraft:damage_dealt":3557,"minecraft:swim_one_cm":742,"minecraft:fly_one_cm":75209,"minecraft:crouch_one_cm":719,"minecraft:play_time":49917,"tombstone:undead_killed":2,"minecraft:sneak_time":105,"minecraft:walk_under_water_one_cm":175,"minecraft:boat_one_cm":50445,"minecraft:interact_with_brewingstand":1,"minecraft:jump":635,"minecraft:walk_on_water_one_cm":20263,"minecraft:total_world_time":49917,"minecraft:fall_one_cm":11615},"minecraft:mined":{"minecraft:brewing_stand":1,"minecraft:crafting_table":5,"minecraft:glow_lichen":1,"minecraft:granite":47,"minecraft:allium":2,"minecraft:grass_block":6,"minecraft:copper_ore":19,"minecraft:lapis_ore":1,"minecraft:sugar_cane":3,"minecraft:hay_block":9,"minecraft:furnace":5,"minecraft:birch_log":7,"minecraft:iron_ore":16,"minecraft:birch_leaves":1,"minecraft:andesite":32,"minecraft:grass":13,"minecraft:coal_ore":7,"minecraft:oak_log":5,"minecraft:gravel":2,"minecraft:dirt":2,"minecraft:stone":145,"minecraft:deepslate":1,"minecraft:oak_leaves":1},"minecraft:used":{"minecraft:cooked_mutton":6,"minecraft:stone_sword":28,"minecraft:stone_pickaxe":276,"minecraft:birch_boat":1,"minecraft:wooden_pickaxe":8,"minecraft:torch":28,"minecraft:crafting_table":5,"minecraft:granite":8,"minecraft:wooden_axe":33,"minecraft:melon_slice":5,"minecraft:stone_axe":60,"minecraft:wooden_sword":23,"minecraft:furnace":1}},"DataVersion":3465}