{"stats":{"minecraft:mined":{"minecraft:birch_log":1,"minecraft:birch_leaves":2,"minecraft:grass":1,"minecraft:grass_block":3},"minecraft:picked_up":{"minecraft:sculk_catalyst":4,"minecraft:birch_log":1,"minecraft:stick":5,"securitycraft:universal_block_reinforcer_lvl3":1,"minecraft:porkchop":1,"minecraft:dirt":4,"securitycraft:reinforced_glass":18,"securitycraft:sentry":6,"securitycraft:alarm":1,"minecraft:bone":1,"minecraft:wheat_seeds":1,"minecraft:saddle":6,"minecraft:emerald":1,"minecraft:birch_sapling":7,"minecraft:ender_pearl":1},"minecraft:killed":{"minecraft:skeleton":2,"minecraft:pig":1,"minecraft:bee":2,"minecraft:vindicator":3,"minecraft:spider":1,"minecraft:warden":2,"minecraft:ravager":7,"minecraft:enderman":1},"minecraft:killed_by":{"minecraft:skeleton":1},"minecraft:custom":{"minecraft:time_since_rest":5919,"minecraft:sprint_one_cm":23710,"minecraft:damage_taken":1469,"minecraft:walk_one_cm":140906,"minecraft:mob_kills":20,"minecraft:drop":54,"minecraft:damage_dealt":7953,"minecraft:fly_one_cm":108945,"minecraft:open_chest":1,"minecraft:play_time":55604,"minecraft:crouch_one_cm":936,"tombstone:undead_killed":1,"minecraft:deaths":5,"minecraft:sneak_time":411,"minecraft:jump":136,"minecraft:walk_on_water_one_cm":294,"minecraft:leave_game":7,"minecraft:time_since_death":6218,"minecraft:total_world_time":55604,"minecraft:fall_one_cm":274},"minecraft:dropped":{"securitycraft:universal_block_remover":1,"minecraft:vindicator_spawn_egg":1,"minecraft:dirt":4,"minecraft:porkchop":1,"minecraft:ravager_spawn_egg":1,"minecraft:wheat_seeds":1,"minecraft:trident":1,"securitycraft:universal_block_reinforcer_lvl3":1,"minecraft:diamond_chestplate":1,"minecraft:sculk_catalyst":4,"minecraft:ender_pearl":1,"minecraft:birch_sapling":7,"minecraft:netherite_chestplate":1,"minecraft:netherite_boots":1,"minecraft:netherite_axe":1,"minecraft:netherite_helmet":1,"minecraft:diamond_helmet":1,"minecraft:warden_spawn_egg":1,"tombstone:grave_dust":2,"minecraft:saddle":6,"securitycraft:sentry":7,"securitycraft:reinforced_glass":4,"minecraft:netherite_leggings":1,"minecraft:bone":1,"minecraft:stick":5,"minecraft:emerald":1},"minecraft:used":{"minecraft:ravager_spawn_egg":8,"minecraft:trident":3,"minecraft:netherite_chestplate":1,"minecraft:netherite_axe":284,"minecraft:vindicator_spawn_egg":15,"securitycraft:sentry":6,"minecraft:netherite_boots":1,"minecraft:netherite_leggings":1,"securitycraft:reinforced_glass":51,"tombstone:gift":3,"minecraft:birch_log":1,"minecraft:netherite_helmet":1,"securitycraft:universal_block_remover":15,"securitycraft:alarm":2,"minecraft:warden_spawn_egg":4}},"DataVersion":3465}