{"stats":{"minecraft:used":{"minecraft:stone_sword":74,"minecraft:iron_shovel":719,"minecraft:polished_deepslate":1,"toolsofobsidian:obsidian_sword":52,"minecraft:ladder":6,"minecraft:stick":1,"minecraft:torch":60,"alexsmobs:maggot":2,"minecraft:lava_bucket":1,"minecraft:grass_block":1,"minecraft:iron_axe":426,"minecraft:iron_helmet":1,"minecraft:golden_carrot":1,"tombstone:gift":5,"biomesoplenty:fir_fence":55,"minecraft:iron_leggings":1,"minecraft:dark_oak_stairs":2,"minecraft:acacia_boat":3,"minecraft:stone_pickaxe":81,"minecraft:baked_potato":21,"biomesoplenty:fir_boat":1,"biomesoplenty:fir_planks":953,"toolsofobsidian:obsidian_axe":229,"minecraft:sand":40,"minecraft:crafting_table":1,"supplementaries:bomb":1,"minecraft:crossbow":14,"toolsofobsidian:obsidian_pickaxe":157,"minecraft:apple":12,"minecraft:iron_pickaxe":32,"minecraft:bread":34,"minecraft:melon_slice":5,"minecraft:stone_axe":212,"minecraft:enchanted_book":1,"minecraft:diamond_sword":37,"biomesoplenty:fir_door":3,"minecraft:red_banner":1,"minecraft:bucket":2,"minecraft:pumpkin_pie":7,"minecraft:yellow_bed":6,"alexsmobs:animal_dictionary":1},"minecraft:mined":{"minecraft:dark_oak_planks":6,"minecraft:yellow_terracotta":2,"minecraft:tuff":9,"minecraft:deepslate_diamond_ore":5,"minecraft:glow_lichen":1,"minecraft:dark_oak_fence":1,"minecraft:acacia_log":2,"minecraft:grass_block":20,"minecraft:stone_brick_wall":1,"gobber2:gobber2_ore_deepslate":16,"gobber2:gobber2_lucky_block":4,"minecraft:coal_block":2,"minecraft:acacia_slab":1,"minecraft:kelp":1,"minecraft:sandstone":61,"minecraft:spawner":5,"spelunkers_charm:deepslate_rock_pile_1":1,"minecraft:iron_ore":6,"minecraft:dark_oak_stairs":2,"minecraft:polished_deepslate":1,"minecraft:deepslate_iron_ore":1,"supplementaries:stick":1,"minecraft:vine":1,"minecraft:stone":77,"minecraft:cake":1,"minecraft:birch_stairs":1,"minecraft:comparator":1,"supplementaries:book_pile":1,"minecraft:red_banner":1,"minecraft:torch":11,"biomesoplenty:fir_planks":28,"minecraft:tall_grass":33,"minecraft:cobblestone":4,"minecraft:wall_torch":9,"supplementaries:urn":7,"minecraft:birch_planks":1,"biomesoplenty:fir_fence":1,"minecraft:wheat":23,"minecraft:tnt":1,"minecraft:yellow_bed":7,"biomesoplenty:fir_log":326,"minecraft:grass":48,"minecraft:coal_ore":1,"biomesoplenty:fir_leaves":120,"minecraft:acacia_fence":2,"minecraft:sunflower":1,"minecraft:cyan_carpet":1,"minecraft:sand":726,"minecraft:cobweb":4,"minecraft:emerald_block":1,"minecraft:deepslate":63,"minecraft:chipped_anvil":1,"minecraft:oak_leaves":2,"minecraft:fern":13},"minecraft:custom":{"minecraft:interact_with_smithing_table":1,"minecraft:inspect_dropper":9,"minecraft:mob_kills":64,"minecraft:interact_with_anvil":7,"minecraft:interact_with_crafting_table":24,"minecraft:open_barrel":44,"minecraft:damage_dealt_resisted":292,"minecraft:leave_game":1,"minecraft:time_since_death":6255,"minecraft:climb_one_cm":18283,"minecraft:sprint_one_cm":550552,"minecraft:walk_one_cm":1233542,"minecraft:drop":88,"minecraft:damage_dealt_absorbed":51,"minecraft:talked_to_villager":10,"minecraft:play_time":277905,"minecraft:deaths":5,"minecraft:sneak_time":3423,"minecraft:walk_under_water_one_cm":72161,"minecraft:boat_one_cm":323614,"minecraft:jump":2031,"minecraft:interact_with_blast_furnace":11,"minecraft:walk_on_water_one_cm":54511,"minecraft:total_world_time":277905,"minecraft:interact_with_furnace":25,"tombstone:raider_killed":13,"minecraft:tune_noteblock":4,"minecraft:sleep_in_bed":13,"minecraft:time_since_rest":5822,"minecraft:damage_taken":4803,"minecraft:damage_dealt":13369,"minecraft:swim_one_cm":65265,"minecraft:fly_one_cm":97393,"minecraft:open_chest":141,"minecraft:crouch_one_cm":9076,"tombstone:undead_killed":37,"tombstone:villager_killed":1,"minecraft:inspect_dispenser":10,"minecraft:interact_with_smoker":1,"minecraft:fall_one_cm":36856},"minecraft:dropped":{"minecraft:iron_ingot":3,"minecraft:bread":7,"minecraft:wheat_seeds":43,"minecraft:golden_helmet":1,"minecraft:baked_potato":4,"minecraft:mossy_cobblestone":3,"minecraft:glass_bottle":8,"minecraft:yellow_terracotta":2,"minecraft:iron_helmet":1,"minecraft:cobblestone":73,"minecraft:leather":1,"toolsofobsidian:obsidian_helmet":1,"minecraft:coal":7,"spelunkers_charm:deepslate_rock":7,"warhammersmod:hammer_wood":1,"biomesoplenty:fir_sapling":1,"paraglider:spirit_orb":2,"minecraft:dirt":34,"minecraft:redstone_lamp":1,"toolsofobsidian:obsidian_leggings":1,"minecraft:dark_oak_trapdoor":2,"minecraft:pumpkin_pie":9,"minecraft:iron_pickaxe":2,"minecraft:acacia_planks":4,"minecraft:cauldron":1,"minecraft:bone":2,"minecraft:armor_stand":1,"toolsofobsidian:obsidian_chestplate":1,"minecraft:stone_sword":1,"minecraft:stripped_dark_oak_log":2,"minecraft:rotten_flesh":1,"minecraft:comparator":1,"sophisticatedbackpacks:backpack":1,"minecraft:diamond_sword":1,"supplementaries:ash":8,"toolsofobsidian:obsidian_axe":1,"biomesoplenty:fir_planks":1,"toolsofobsidian:obsidian_pickaxe":1,"minecraft:andesite":4,"minecraft:hopper":4,"minecraft:yellow_bed":1,"minecraft:acacia_slab":1,"minecraft:stone_brick_wall":1,"minecraft:leather_boots":2,"minecraft:golden_leggings":1,"minecraft:spider_eye":1,"minecraft:arrow":2,"minecraft:wooden_pickaxe":2,"minecraft:stone_brick_stairs":2},"minecraft:broken":{"minecraft:iron_shovel":2,"minecraft:iron_axe":1,"minecraft:stone_axe":1},"minecraft:killed_by":{"minecraft:zombie_villager":1,"alexsmobs:cachalot_whale":1,"minecraft:skeleton":2},"minecraft:picked_up":{"minecraft:wheat":29,"minecraft:leather_leggings":1,"minecraft:redstone_lamp":1,"minecraft:diamond_sword":1,"minecraft:lead":2,"minecraft:wooden_pickaxe":2,"spelunkers_charm:deepslate_rock":10,"minecraft:stone_brick_wall":1,"minecraft:enchanted_book":2,"minecraft:stone_brick_stairs":2,"biomemakeover:cladded_chestplate":1,"minecraft:polished_deepslate":1,"minecraft:dark_oak_trapdoor":2,"minecraft:string":6,"minecraft:iron_axe":1,"minecraft:armor_stand":2,"supplementaries:bomb":1,"minecraft:bucket":1,"minecraft:cobbled_deepslate":66,"minecraft:comparator":2,"biomesoplenty:fir_planks":304,"minecraft:spruce_planks":1,"minecraft:beef":1,"minecraft:iron_nugget":5,"minecraft:chest":1,"minecraft:coal_block":2,"minecraft:spruce_trapdoor":1,"minecraft:iron_boots":1,"minecraft:raw_iron":7,"minecraft:golden_helmet":1,"minecraft:stick":80,"minecraft:sandstone":60,"minecraft:acacia_fence":2,"minecraft:torch":31,"minecraft:acacia_log":2,"sophisticatedbackpacks:backpack":2,"tombstone:grave_dust":8,"minecraft:redstone":3,"minecraft:cauldron":1,"minecraft:dark_oak_planks":5,"gobber2:gobber2_foo":1,"minecraft:stone_sword":3,"minecraft:arrow":14,"minecraft:rotten_flesh":20,"minecraft:beetroot_seeds":4,"minecraft:pumpkin_pie":2,"minecraft:hay_block":4,"minecraft:yellow_terracotta":4,"sophisticatedbackpacks:copper_backpack":1,"supplementaries:ash":8,"minecraft:rail":19,"minecraft:cobblestone":213,"warhammersmod:hammer_wood":1,"minecraft:leather_chestplate":1,"minecraft:golden_carrot":1,"minecraft:andesite":4,"gobber2:gobber2_gooey_beefstew":1,"minecraft:leather":1,"minecraft:golden_leggings":1,"spelunkers_charm:old_miners_bundle":1,"paraglider:spirit_orb":12,"biomesoplenty:fir_sapling":7,"biomesoplenty:fir_log":295,"minecraft:tuff":9,"minecraft:oak_log":10,"minecraft:gunpowder":2,"minecraft:yellow_bed":7,"minecraft:acacia_boat":3,"minecraft:lapis_lazuli":9,"minecraft:dirt":68,"tombstone:gift":1,"minecraft:leather_boots":3,"minecraft:chipped_anvil":1,"minecraft:bone":23,"minecraft:bow":1,"minecraft:wheat_seeds":51,"biomesoplenty:fir_boat":1,"minecraft:iron_ingot":25,"gobber2:gobber2_globette":17,"minecraft:glass_bottle":8,"minecraft:dark_oak_stairs":2,"gobber2:gobber2_gooey_bread":1,"minecraft:sand":649,"minecraft:birch_stairs":1,"biomesoplenty:fir_fence":1,"minecraft:red_banner":1,"minecraft:grass_block":1,"minecraft:spider_eye":2,"minecraft:mossy_cobblestone":3,"minecraft:yellow_carpet":3,"minecraft:diamond":5,"minecraft:iron_helmet":1,"alexsmobs:maggot":2,"minecraft:crossbow":1,"minecraft:golden_apple":1,"minecraft:bread":8,"minecraft:emerald":16,"minecraft:oak_sapling":1,"minecraft:acacia_slab":2,"minecraft:stripped_dark_oak_log":2,"minecraft:hopper":4,"minecraft:coal":37},"minecraft:crafted":{"minecraft:oak_planks":40,"minecraft:coal":18,"minecraft:cooked_chicken":3,"toolsofobsidian:obsidian_helmet":2,"toolsofobsidian:obsidian_chestplate":2,"minecraft:cooked_mutton":9,"minecraft:ladder":6,"toolsofobsidian:obsidian_sword":1,"minecraft:stone_pickaxe":3,"minecraft:cooked_rabbit":1,"minecraft:cooked_cod":7,"minecraft:crafting_table":1,"minecraft:wooden_pickaxe":1,"minecraft:baked_potato":24,"minecraft:cooked_salmon":1,"minecraft:stone_axe":2,"biomesoplenty:fir_planks":1180,"toolsofobsidian:obsidian_axe":2,"toolsofobsidian:obsidian_pickaxe":2,"biomesoplenty:fir_fence":54,"toolsofobsidian:obsidian_ingot":54,"minecraft:stick":128,"minecraft:iron_ingot":1,"minecraft:iron_pickaxe":4,"minecraft:stone_sword":1,"minecraft:iron_shovel":4,"toolsofobsidian:obsidian_leggings":2,"minecraft:acacia_planks":8,"minecraft:torch":64,"biomesoplenty:fir_door":3},"minecraft:killed":{"dungeonsweaponry:wraith":1,"minecraft:witch":2,"minecraft:spider":2,"minecraft:vindicator":2,"minecraft:skeleton":12,"minecraft:drowned":3,"alexsmobs:centipede_head":1,"minecraft:zombie_villager":7,"alexsmobs:seal":3,"minecraft:trader_llama":1,"minecraft:pillager":9,"minecraft:zombie":15,"alexsmobs:fly":1,"minecraft:villager":1,"minecraft:cow":1}},"DataVersion":3465}