{"stats":{"minecraft:picked_up":{"minecraft:birch_log":3,"minecraft:dirt":48,"securitycraft:reinforced_glass":18,"securitycraft:sentry":6,"minecraft:bone":4,"minecraft:bow":1,"minecraft:wheat_seeds":1,"minecraft:birch_sapling":9,"minecraft:sculk_catalyst":4,"minecraft:stick":5,"securitycraft:universal_block_reinforcer_lvl3":1,"minecraft:porkchop":1,"securitycraft:alarm":1,"minecraft:arrow":3,"minecraft:rotten_flesh":4,"minecraft:saddle":6,"minecraft:emerald":1,"minecraft:ender_pearl":1},"minecraft:custom":{"minecraft:mob_kills":29,"minecraft:leave_game":9,"minecraft:time_since_death":2602,"minecraft:time_since_rest":2259,"minecraft:sprint_one_cm":29418,"minecraft:damage_absorbed":361,"minecraft:damage_taken":1754,"minecraft:walk_one_cm":180458,"minecraft:drop":121,"minecraft:damage_dealt":9255,"minecraft:fly_one_cm":136305,"minecraft:open_chest":1,"minecraft:crouch_one_cm":943,"minecraft:play_time":83658,"tombstone:undead_killed":7,"minecraft:deaths":6,"minecraft:sneak_time":623,"tombstone:villager_killed":1,"minecraft:jump":193,"minecraft:walk_on_water_one_cm":1100,"minecraft:total_world_time":83658,"minecraft:fall_one_cm":274},"minecraft:dropped":{"minecraft:vindicator_spawn_egg":1,"minecraft:porkchop":1,"minecraft:ravager_spawn_egg":1,"minecraft:wheat_seeds":1,"securitycraft:universal_block_reinforcer_lvl3":1,"gobber2:gobber2_sword_nether":1,"minecraft:ender_pearl":1,"minecraft:birch_sapling":9,"minecraft:netherite_helmet":1,"minecraft:netherite_axe":1,"minecraft:netherite_chestplate":1,"minecraft:warden_spawn_egg":1,"minecraft:rotten_flesh":4,"gobber2:gobber2_ring_airwalking":1,"gobber2:gobber2_chestplate_dragon":1,"minecraft:saddle":6,"securitycraft:sentry":7,"minecraft:netherite_leggings":1,"minecraft:stick":5,"gobber2:gobber2_leggings_dragon":1,"minecraft:emerald":1,"gobber2:gobber2_ring_void":1,"minecraft:dirt":48,"securitycraft:universal_block_remover":1,"gobber2:gobber2_boots_dragon":1,"gobber2:gobber2_ring_stealth":1,"minecraft:trident":1,"gobber2:gobber2_helmet_dragon":1,"minecraft:diamond_chestplate":1,"gobber2:gobber2_staff_clearing":1,"minecraft:sculk_catalyst":4,"minecraft:netherite_boots":1,"minecraft:diamond_helmet":1,"tombstone:grave_dust":2,"minecraft:arrow":1,"minecraft:bow":1,"gobber2:gobber2_sword_end":1,"minecraft:birch_log":2,"securitycraft:reinforced_glass":4,"minecraft:bone":4},"minecraft:mined":{"minecraft:grass_block":3,"minecraft:birch_log":1,"minecraft:birch_leaves":2,"minecraft:grass":1},"minecraft:killed":{"minecraft:pig":1,"minecraft:spider":1,"minecraft:vindicator":3,"minecraft:wandering_trader":1,"minecraft:ravager":7,"minecraft:skeleton":5,"minecraft:zombie":3,"minecraft:bee":2,"minecraft:warden":2,"minecraft:enderman":1},"minecraft:killed_by":{"minecraft:skeleton":1},"minecraft:used":{"minecraft:trident":3,"minecraft:netherite_chestplate":1,"minecraft:vindicator_spawn_egg":15,"gobber2:gobber2_sword_nether":2,"minecraft:netherite_leggings":1,"securitycraft:universal_block_remover":15,"minecraft:netherite_helmet":1,"minecraft:warden_spawn_egg":4,"minecraft:ravager_spawn_egg":8,"gobber2:gobber2_sword_end":12,"minecraft:netherite_axe":284,"minecraft:netherite_boots":1,"securitycraft:sentry":6,"minecraft:bow":2,"securitycraft:reinforced_glass":51,"minecraft:birch_log":1,"tombstone:gift":3,"securitycraft:alarm":2}},"DataVersion":3465}