{"stats":{"minecraft:dropped":{"securitycraft:universal_block_remover":1,"minecraft:vindicator_spawn_egg":1,"minecraft:ravager_spawn_egg":1,"securitycraft:universal_block_reinforcer_lvl3":1,"minecraft:sculk_catalyst":4,"minecraft:ender_pearl":1,"minecraft:birch_sapling":7,"minecraft:netherite_chestplate":1,"minecraft:netherite_boots":1,"minecraft:netherite_axe":1,"minecraft:netherite_helmet":1,"minecraft:warden_spawn_egg":1,"minecraft:saddle":6,"securitycraft:sentry":7,"securitycraft:reinforced_glass":4,"minecraft:netherite_leggings":1,"minecraft:stick":5,"minecraft:emerald":1},"minecraft:custom":{"minecraft:time_since_rest":505,"minecraft:sprint_one_cm":11512,"minecraft:damage_taken":244,"minecraft:walk_one_cm":75572,"minecraft:mob_kills":18,"minecraft:drop":42,"minecraft:damage_dealt":7743,"minecraft:fly_one_cm":107645,"minecraft:open_chest":1,"minecraft:play_time":38462,"minecraft:crouch_one_cm":698,"minecraft:deaths":1,"minecraft:sneak_time":355,"minecraft:jump":69,"minecraft:leave_game":4,"minecraft:time_since_death":466,"minecraft:total_world_time":38462},"minecraft:mined":{"minecraft:birch_log":1,"minecraft:birch_leaves":1},"minecraft:used":{"minecraft:ravager_spawn_egg":8,"minecraft:netherite_chestplate":1,"minecraft:netherite_axe":284,"minecraft:vindicator_spawn_egg":15,"securitycraft:sentry":6,"minecraft:netherite_boots":1,"minecraft:netherite_leggings":1,"securitycraft:reinforced_glass":51,"minecraft:birch_log":1,"minecraft:netherite_helmet":1,"securitycraft:universal_block_remover":15,"securitycraft:alarm":2,"minecraft:warden_spawn_egg":4},"minecraft:picked_up":{"minecraft:sculk_catalyst":4,"minecraft:birch_log":1,"minecraft:stick":5,"securitycraft:universal_block_reinforcer_lvl3":1,"securitycraft:reinforced_glass":18,"securitycraft:sentry":6,"securitycraft:alarm":1,"minecraft:saddle":6,"minecraft:emerald":1,"minecraft:birch_sapling":7,"minecraft:ender_pearl":1},"minecraft:killed":{"minecraft:skeleton":1,"minecraft:bee":2,"minecraft:spider":1,"minecraft:vindicator":3,"minecraft:warden":2,"minecraft:ravager":7,"minecraft:enderman":1}},"DataVersion":3465}