{"stats":{"minecraft:mined":{"minecraft:cut_sandstone":10,"minecraft:smoker":1,"minecraft:cobblestone_stairs":2,"minecraft:jungle_leaves":6,"minecraft:brewing_stand":1,"minecraft:smooth_sandstone":1,"minecraft:crafting_table":1,"minecraft:granite":4,"minecraft:grass_block":105,"minecraft:melon":2,"minecraft:jungle_planks":16,"minecraft:chest":1,"minecraft:dead_bush":1,"minecraft:tall_grass":23,"minecraft:cobblestone":53,"minecraft:cyan_bed":5,"minecraft:lapis_ore":4,"minecraft:sandstone":2,"minecraft:wall_torch":7,"minecraft:diorite":2,"minecraft:coarse_dirt":2,"minecraft:furnace":1,"minecraft:birch_log":16,"minecraft:iron_ore":36,"minecraft:birch_leaves":3,"minecraft:fletching_table":1,"minecraft:grass":118,"minecraft:coal_ore":37,"minecraft:deepslate_iron_ore":2,"minecraft:water_cauldron":1,"minecraft:acacia_door":3,"minecraft:gravel":2,"minecraft:dirt":23,"minecraft:smooth_sandstone_stairs":2,"minecraft:stone":417,"minecraft:fern":2},"minecraft:picked_up":{"minecraft:wooden_axe":1,"minecraft:crafting_table":1,"minecraft:leather":2,"minecraft:wooden_pickaxe":1,"minecraft:smoker":1,"minecraft:potato":43,"minecraft:brewing_stand":1,"minecraft:gunpowder":2,"minecraft:cobblestone_stairs":2,"minecraft:dirt":186,"minecraft:lapis_lazuli":29,"minecraft:string":4,"minecraft:acacia_door":3,"minecraft:wooden_sword":1,"minecraft:item_frame":10,"minecraft:bone":4,"minecraft:wheat_seeds":22,"comforts:sleeping_bag_white":2,"minecraft:iron_ingot":1,"minecraft:beef":7,"minecraft:stone_pickaxe":2,"minecraft:melon_slice":13,"minecraft:sugar_cane":6,"minecraft:chest":1,"minecraft:birch_sapling":2,"minecraft:iron_boots":1,"minecraft:furnace":3,"minecraft:raw_iron":40,"minecraft:sandstone":4,"minecraft:birch_boat":3,"minecraft:torch":8,"minecraft:jungle_planks":16,"minecraft:diorite":2,"minecraft:cyan_bed":5,"minecraft:cauldron":1,"minecraft:stone_sword":1,"minecraft:arrow":4,"minecraft:rotten_flesh":2,"minecraft:stone_axe":1,"minecraft:iron_helmet":1,"minecraft:granite":3,"minecraft:black_wool":2,"minecraft:mutton":10,"minecraft:coal":38,"minecraft:white_wool":8,"minecraft:cobblestone":449,"minecraft:birch_log":16},"minecraft:crafted":{"minecraft:cooked_beef":1,"minecraft:cooked_porkchop":10,"minecraft:baked_potato":17,"minecraft:furnace":4,"minecraft:birch_planks":38,"minecraft:cooked_mutton":7,"minecraft:iron_chestplate":1,"minecraft:stick":80,"minecraft:iron_ingot":23,"minecraft:iron_pickaxe":2,"minecraft:stone_pickaxe":6,"minecraft:iron_leggings":1,"minecraft:torch":12},"minecraft:custom":{"minecraft:interact_with_furnace":47,"minecraft:mob_kills":20,"minecraft:interact_with_crafting_table":17,"minecraft:open_barrel":15,"minecraft:bell_ring":44,"minecraft:leave_game":3,"minecraft:time_since_death":93448,"minecraft:sleep_in_bed":7,"minecraft:climb_one_cm":15428,"minecraft:time_since_rest":12702,"minecraft:sprint_one_cm":508204,"minecraft:damage_taken":2145,"minecraft:walk_one_cm":732082,"minecraft:drop":31,"minecraft:damage_dealt":2725,"minecraft:swim_one_cm":17825,"minecraft:talked_to_villager":14,"minecraft:fly_one_cm":80582,"minecraft:open_chest":22,"minecraft:play_time":184442,"minecraft:crouch_one_cm":1086,"minecraft:sneak_time":746,"tombstone:undead_killed":5,"minecraft:deaths":3,"minecraft:walk_under_water_one_cm":4458,"minecraft:boat_one_cm":348937,"minecraft:interact_with_brewingstand":1,"minecraft:jump":1607,"minecraft:walk_on_water_one_cm":26086,"minecraft:total_world_time":184442,"minecraft:fall_one_cm":32247,"minecraft:horse_one_cm":4338},"minecraft:broken":{"minecraft:stone_pickaxe":3,"minecraft:stone_axe":1,"minecraft:wooden_axe":1,"minecraft:wooden_pickaxe":1},"minecraft:dropped":{"minecraft:iron_ingot":1,"minecraft:furnace":2,"minecraft:wheat_seeds":22,"minecraft:birch_sapling":2,"minecraft:rotten_flesh":2,"minecraft:red_mushroom":1,"minecraft:item_frame":10,"minecraft:melon_slice":5,"minecraft:wooden_sword":1,"minecraft:sandstone":2,"minecraft:stone_pickaxe":4,"minecraft:iron_pickaxe":1,"minecraft:string":2,"minecraft:birch_log":6,"minecraft:cyan_bed":1,"minecraft:white_wool":4,"minecraft:bone":4},"minecraft:killed_by":{"minecraft:zombie":1,"minecraft:enderman":1},"minecraft:killed":{"minecraft:zombie_villager":1,"biomemakeover:scuttler":1,"minecraft:spider":2,"minecraft:creeper":1,"minecraft:sheep":6,"minecraft:skeleton":2,"minecraft:zombie":2,"minecraft:bee":1,"minecraft:turtle":1,"minecraft:cow":3},"minecraft:used":{"minecraft:cooked_mutton":4,"minecraft:stone_sword":37,"minecraft:cobblestone_stairs":2,"minecraft:stone_pickaxe":520,"minecraft:chest":1,"minecraft:wooden_pickaxe":59,"minecraft:birch_boat":3,"minecraft:iron_chestplate":1,"biomemakeover:cowboy_hat":4,"minecraft:torch":18,"minecraft:dirt":113,"minecraft:crafting_table":1,"minecraft:wooden_axe":39,"minecraft:acacia_door":3,"minecraft:cyan_bed":4,"minecraft:melon_slice":8,"minecraft:iron_helmet":3,"minecraft:stone_axe":83,"minecraft:cobblestone":336,"minecraft:furnace":5,"minecraft:cooked_porkchop":10,"tombstone:gift":2,"comforts:sleeping_bag_white":1,"minecraft:cooked_beef":4,"minecraft:iron_leggings":1}},"DataVersion":3465}