{"stats":{"minecraft:crafted":{"minecraft:cooked_porkchop":10,"minecraft:furnace":4,"minecraft:birch_planks":38,"minecraft:cooked_mutton":7,"minecraft:stick":80,"minecraft:stone_pickaxe":6,"minecraft:torch":12,"minecraft:cooked_beef":1},"minecraft:picked_up":{"minecraft:wooden_axe":1,"minecraft:birch_log":16,"minecraft:crafting_table":1,"minecraft:leather":2,"minecraft:wooden_pickaxe":1,"minecraft:gunpowder":2,"minecraft:lapis_lazuli":29,"minecraft:string":2,"minecraft:dirt":37,"minecraft:wooden_sword":1,"minecraft:bone":2,"minecraft:wheat_seeds":1,"minecraft:stone_pickaxe":1,"minecraft:beef":7,"minecraft:sugar_cane":6,"minecraft:melon_slice":13,"minecraft:birch_sapling":2,"minecraft:furnace":3,"minecraft:raw_iron":38,"minecraft:birch_boat":2,"minecraft:torch":2,"minecraft:diorite":2,"minecraft:stone_sword":1,"minecraft:arrow":2,"minecraft:rotten_flesh":2,"minecraft:stone_axe":1,"minecraft:granite":3,"minecraft:black_wool":2,"minecraft:mutton":10,"minecraft:coal":15,"minecraft:white_wool":4,"minecraft:cobblestone":110},"minecraft:dropped":{"minecraft:birch_sapling":2,"minecraft:rotten_flesh":2,"minecraft:melon_slice":5,"minecraft:stone_pickaxe":3,"minecraft:birch_log":6},"minecraft:killed":{"minecraft:spider":1,"minecraft:creeper":1,"minecraft:sheep":6,"minecraft:skeleton":1,"minecraft:zombie":1,"minecraft:bee":1,"minecraft:cow":3},"minecraft:broken":{"minecraft:stone_pickaxe":1,"minecraft:wooden_axe":1,"minecraft:wooden_pickaxe":1},"minecraft:killed_by":{"minecraft:zombie":1},"minecraft:custom":{"minecraft:interact_with_furnace":13,"minecraft:mob_kills":14,"minecraft:interact_with_crafting_table":6,"minecraft:leave_game":2,"minecraft:time_since_death":49707,"minecraft:sleep_in_bed":1,"minecraft:climb_one_cm":11194,"minecraft:time_since_rest":1831,"minecraft:sprint_one_cm":108438,"minecraft:damage_taken":1220,"minecraft:walk_one_cm":298975,"minecraft:drop":16,"minecraft:damage_dealt":1603,"minecraft:swim_one_cm":1969,"minecraft:talked_to_villager":8,"minecraft:fly_one_cm":26931,"minecraft:crouch_one_cm":836,"tombstone:undead_killed":2,"minecraft:play_time":75448,"minecraft:deaths":2,"minecraft:sneak_time":325,"minecraft:walk_under_water_one_cm":1662,"minecraft:boat_one_cm":51255,"minecraft:jump":827,"minecraft:walk_on_water_one_cm":25244,"minecraft:total_world_time":75448,"minecraft:fall_one_cm":16004,"minecraft:horse_one_cm":4338},"minecraft:mined":{"minecraft:jungle_leaves":6,"minecraft:crafting_table":1,"minecraft:granite":4,"minecraft:grass_block":11,"minecraft:melon":2,"minecraft:tall_grass":1,"minecraft:cobblestone":1,"minecraft:lapis_ore":4,"minecraft:diorite":2,"minecraft:wall_torch":1,"minecraft:furnace":1,"minecraft:birch_log":16,"minecraft:iron_ore":34,"minecraft:birch_leaves":3,"minecraft:grass":17,"minecraft:coal_ore":13,"minecraft:deepslate_iron_ore":2,"minecraft:gravel":2,"minecraft:dirt":15,"minecraft:stone":127,"minecraft:fern":1},"minecraft:used":{"minecraft:stone_sword":11,"minecraft:stone_pickaxe":131,"minecraft:birch_boat":1,"minecraft:wooden_pickaxe":59,"minecraft:torch":5,"minecraft:dirt":23,"minecraft:crafting_table":1,"minecraft:wooden_axe":39,"minecraft:melon_slice":8,"minecraft:stone_axe":25,"minecraft:cobblestone":5,"minecraft:furnace":5,"minecraft:cooked_porkchop":4,"tombstone:gift":2}},"DataVersion":3465}