{"stats":{"minecraft:killed":{"dungeonsweaponry:wraith":1,"minecraft:cave_spider":2,"minecraft:witch":2,"minecraft:spider":7,"minecraft:skeleton":26,"alexsmobs:centipede_head":1,"alexsmobs:grizzly_bear":1,"minecraft:zombie_villager":7,"alexsmobs:seal":3,"minecraft:creeper":1,"minecraft:trader_llama":1,"minecraft:pillager":11,"minecraft:zombie":31,"minecraft:stray":4,"alexsmobs:fly":1,"minecraft:cow":1,"minecraft:vindicator":2,"minecraft:drowned":9,"minecraft:snow_golem":1,"minecraft:wither_skeleton":2,"minecraft:villager":1,"minecraft:enderman":1},"minecraft:killed_by":{"minecraft:zombie_villager":1,"alexsmobs:cachalot_whale":1,"minecraft:skeleton":2},"minecraft:custom":{"minecraft:interact_with_crafting_table":33,"minecraft:open_barrel":66,"minecraft:bell_ring":19,"minecraft:leave_game":4,"minecraft:time_since_death":272249,"minecraft:sprint_one_cm":1028725,"minecraft:damage_blocked_by_shield":213,"minecraft:drop":214,"minecraft:talked_to_villager":20,"minecraft:play_time":543899,"minecraft:deaths":5,"minecraft:jump":3211,"minecraft:walk_on_water_one_cm":97519,"minecraft:interact_with_furnace":29,"minecraft:sleep_in_bed":15,"minecraft:damage_dealt":25680,"minecraft:crouch_one_cm":9241,"tombstone:undead_killed":79,"tombstone:villager_killed":1,"minecraft:interact_with_smoker":1,"minecraft:inspect_dispenser":10,"minecraft:interact_with_smithing_table":2,"minecraft:inspect_dropper":9,"minecraft:mob_kills":122,"minecraft:interact_with_anvil":14,"minecraft:damage_dealt_resisted":292,"minecraft:climb_one_cm":27528,"minecraft:walk_one_cm":2160603,"minecraft:damage_dealt_absorbed":80,"minecraft:sneak_time":4405,"minecraft:walk_under_water_one_cm":151583,"minecraft:boat_one_cm":744087,"minecraft:interact_with_blast_furnace":11,"minecraft:total_world_time":543899,"tombstone:raider_killed":15,"minecraft:tune_noteblock":4,"minecraft:interact_with_grindstone":14,"minecraft:time_since_rest":62405,"minecraft:damage_taken":6831,"minecraft:swim_one_cm":83088,"minecraft:fly_one_cm":186675,"minecraft:open_chest":473,"minecraft:fish_caught":22,"minecraft:fall_one_cm":50197},"minecraft:used":{"minecraft:iron_shovel":768,"minecraft:polished_deepslate":1,"sophisticatedbackpacks:copper_backpack":1,"minecraft:ladder":12,"minecraft:decorated_pot":1,"minecraft:shield":6,"paraglider:goddess_statue":2,"minecraft:nether_bricks":7,"minecraft:snowball":1,"minecraft:lava_bucket":1,"minecraft:grass_block":1,"minecraft:iron_helmet":1,"minecraft:stone_bricks":4,"minecraft:bow":12,"biomesoplenty:fir_fence":55,"minecraft:dark_oak_stairs":2,"minecraft:stone_pickaxe":81,"biomesoplenty:fir_boat":1,"biomesoplenty:fir_planks":986,"minecraft:sand":40,"minecraft:crossbow":14,"toolsofobsidian:obsidian_pickaxe":317,"sophisticatedbackpacks:backpack":1,"minecraft:melon_slice":5,"minecraft:bread":36,"minecraft:diamond_sword":37,"minecraft:experience_bottle":6,"minecraft:stone_sword":74,"toolsofobsidian:obsidian_sword":306,"minecraft:stick":1,"minecraft:torch":129,"minecraft:dirt":15,"alexsmobs:maggot":2,"minecraft:iron_axe":426,"minecraft:golden_carrot":1,"tombstone:gift":8,"minecraft:turtle_egg":1,"minecraft:iron_leggings":1,"minecraft:cooked_mutton":13,"minecraft:acacia_boat":3,"minecraft:baked_potato":30,"toolsofobsidian:obsidian_axe":560,"taxov:block_captain":1,"minecraft:crafting_table":1,"supplementaries:bomb":1,"tombstone:bag_of_seeds":2,"minecraft:apple":12,"minecraft:iron_pickaxe":33,"minecraft:stone_axe":212,"minecraft:enchanted_book":1,"minecraft:fishing_rod":42,"minecraft:cobblestone":126,"minecraft:potion":4,"biomesoplenty:fir_door":3,"minecraft:cooked_porkchop":8,"minecraft:red_banner":1,"minecraft:bucket":2,"minecraft:yellow_bed":6,"minecraft:pumpkin_pie":13,"alexsmobs:animal_dictionary":1},"minecraft:picked_up":{"minecraft:iron_chestplate":1,"minecraft:wheat":30,"aquaculture:blackfish":2,"minecraft:lead":2,"minecraft:diamond_sword":1,"minecraft:enchanted_book":2,"minecraft:stone_brick_stairs":2,"minecraft:brewing_stand":1,"paraglider:goddess_statue":2,"minecraft:polished_deepslate":1,"minecraft:dark_oak_trapdoor":2,"minecraft:string":15,"biomemakeover:cladded_chestplate":1,"minecraft:iron_leggings":2,"minecraft:armor_stand":2,"minecraft:diamond_leggings":1,"minecraft:bucket":2,"minecraft:cobbled_deepslate":66,"minecraft:comparator":2,"biomesoplenty:fir_planks":317,"minecraft:spruce_planks":2,"minecraft:iron_pickaxe":1,"minecraft:coal_block":2,"minecraft:iron_boots":2,"minecraft:tipped_arrow":5,"minecraft:golden_helmet":3,"minecraft:stick":80,"minecraft:acacia_fence":2,"minecraft:torch":70,"minecraft:acacia_log":2,"minecraft:spruce_stairs":2,"minecraft:porkchop":6,"tombstone:grave_dust":14,"taxov:block_captain":1,"minecraft:golden_chestplate":4,"minecraft:cauldron":1,"gobber2:gobber2_foo":1,"minecraft:stone_sword":3,"minecraft:rotten_flesh":40,"minecraft:tropical_fish":2,"supplementaries:ash":8,"minecraft:snowball":1,"minecraft:obsidian":64,"minecraft:iron_bars":15,"minecraft:cod":10,"minecraft:cobblestone":242,"paraglider:paraglider":1,"warhammersmod:hammer_wood":1,"minecraft:leather_chestplate":1,"minecraft:andesite":4,"minecraft:golden_leggings":1,"alexsmobs:bear_fur":1,"biomesoplenty:fir_sapling":7,"biomesoplenty:fir_log":295,"paraglider:spirit_orb":84,"minecraft:tuff":9,"supplementaries:flax_seeds":3,"minecraft:acacia_boat":3,"minecraft:lapis_lazuli":9,"minecraft:dirt":120,"minecraft:leather_boots":4,"minecraft:bone":48,"minecraft:chipped_anvil":1,"minecraft:bow":3,"minecraft:wheat_seeds":52,"biomesoplenty:fir_boat":1,"gobber2:gobber2_globette":17,"minecraft:mossy_stone_bricks":4,"aquaculture:atlantic_herring":2,"gobber2:gobber2_gooey_bread":1,"aquaculture:jellyfish":4,"minecraft:sand":649,"biomesoplenty:fir_fence":1,"minecraft:nether_brick_stairs":12,"minecraft:grass_block":1,"minecraft:mossy_cobblestone":13,"minecraft:bundle":1,"minecraft:yellow_carpet":3,"minecraft:diamond":5,"minecraft:crossbow":1,"minecraft:golden_apple":1,"minecraft:bread":10,"minecraft:emerald":17,"minecraft:chainmail_helmet":2,"alexsmobs:maggot":2,"minecraft:oak_sapling":2,"minecraft:fishing_rod":1,"minecraft:leather_leggings":2,"minecraft:redstone_lamp":1,"minecraft:wooden_pickaxe":2,"spelunkers_charm:deepslate_rock":10,"minecraft:stone_brick_wall":1,"minecraft:shield":1,"minecraft:iron_axe":1,"aquaculture:pink_salmon":1,"supplementaries:bomb":1,"minecraft:cracked_stone_bricks":3,"minecraft:detector_rail":3,"minecraft:beef":1,"minecraft:iron_nugget":14,"minecraft:chest":1,"supplementaries:rope":31,"minecraft:spruce_trapdoor":1,"minecraft:raw_iron":7,"minecraft:sandstone":60,"toolsofobsidian:obsidian_sword":1,"minecraft:copper_ingot":1,"minecraft:bowl":1,"minecraft:spruce_fence":2,"sophisticatedbackpacks:backpack":3,"minecraft:redstone":9,"minecraft:stone_pressure_plate":1,"minecraft:dark_oak_planks":6,"minecraft:arrow":38,"minecraft:decorated_pot":1,"minecraft:beetroot_seeds":4,"minecraft:pumpkin_pie":2,"minecraft:jungle_stairs":5,"minecraft:nether_bricks":42,"minecraft:hay_block":4,"minecraft:yellow_terracotta":4,"sophisticatedbackpacks:copper_backpack":2,"minecraft:glow_berries":5,"minecraft:rail":31,"minecraft:golden_carrot":1,"minecraft:salmon":2,"gobber2:gobber2_gooey_beefstew":1,"minecraft:leather":16,"spelunkers_charm:old_miners_bundle":2,"minecraft:oak_log":11,"minecraft:chainmail_chestplate":2,"minecraft:yellow_bed":7,"minecraft:golden_boots":4,"minecraft:gunpowder":4,"minecraft:paper":7,"tombstone:gift":1,"minecraft:stone_bricks":8,"minecraft:iron_ingot":26,"minecraft:glass_bottle":8,"minecraft:iron_sword":1,"minecraft:dark_oak_stairs":6,"minecraft:book":9,"minecraft:birch_stairs":1,"aquaculture:red_grouper":1,"minecraft:red_banner":1,"minecraft:spider_eye":6,"aquaculture:atlantic_cod":1,"minecraft:iron_helmet":3,"tombstone:magic_scroll":3,"minecraft:acacia_slab":2,"minecraft:stripped_dark_oak_log":2,"minecraft:coal":47,"minecraft:hopper":4,"minecraft:ender_pearl":1},"minecraft:mined":{"minecraft:dark_oak_planks":7,"minecraft:stone_pressure_plate":1,"minecraft:spruce_planks":1,"taxov:block_captain":1,"minecraft:brewing_stand":1,"minecraft:obsidian":25,"minecraft:spruce_trapdoor":1,"minecraft:acacia_log":2,"minecraft:grass_block":25,"minecraft:stone_brick_wall":1,"gobber2:gobber2_ore_deepslate":16,"gobber2:gobber2_lucky_block":4,"minecraft:coal_block":2,"minecraft:spawner":36,"minecraft:iron_ore":6,"minecraft:turtle_egg":1,"minecraft:nether_brick_stairs":13,"minecraft:dark_oak_stairs":6,"supplementaries:stick":1,"minecraft:iron_bars":10,"sophisticatedbackpacks:copper_backpack":1,"minecraft:kelp_plant":4,"supplementaries:book_pile":1,"minecraft:powder_snow":36,"minecraft:torch":37,"minecraft:jungle_stairs":4,"minecraft:cobblestone":5,"minecraft:wall_torch":19,"minecraft:wheat":23,"minecraft:tnt":1,"biomesoplenty:fir_log":326,"minecraft:grass":58,"minecraft:oak_log":1,"minecraft:acacia_fence":2,"minecraft:sand":726,"minecraft:dirt":10,"minecraft:oak_leaves":2,"minecraft:deepslate":63,"minecraft:emerald_block":1,"minecraft:yellow_terracotta":2,"minecraft:tuff":9,"minecraft:mossy_cobblestone":5,"minecraft:deepslate_diamond_ore":5,"minecraft:glow_lichen":1,"minecraft:nether_bricks":1,"minecraft:dark_oak_fence":1,"minecraft:spruce_fence":2,"minecraft:jungle_planks":1,"minecraft:acacia_slab":1,"minecraft:kelp":2,"minecraft:sandstone":61,"biomesoplenty:tundra_shrub":1,"spelunkers_charm:deepslate_rock_pile_1":1,"minecraft:polished_deepslate":1,"minecraft:deepslate_iron_ore":1,"minecraft:vine":7,"minecraft:stone":121,"sophisticatedbackpacks:backpack":1,"minecraft:cake":1,"minecraft:birch_stairs":1,"minecraft:comparator":1,"minecraft:red_banner":1,"biomesoplenty:fir_planks":31,"minecraft:campfire":1,"minecraft:tall_grass":33,"supplementaries:urn":7,"minecraft:spruce_stairs":2,"minecraft:birch_planks":1,"biomesoplenty:fir_fence":1,"minecraft:yellow_bed":7,"minecraft:coal_ore":1,"biomesoplenty:fir_leaves":120,"minecraft:sunflower":1,"minecraft:cyan_carpet":1,"minecraft:cobweb":4,"minecraft:cracked_stone_bricks":2,"minecraft:stone_bricks":9,"minecraft:mossy_stone_bricks":3,"minecraft:chipped_anvil":1,"paraglider:goddess_statue":2,"minecraft:fern":17},"minecraft:crafted":{"minecraft:oak_planks":40,"toolsofobsidian:obsidian_helmet":2,"minecraft:cooked_chicken":3,"toolsofobsidian:obsidian_chestplate":2,"minecraft:cooked_mutton":9,"toolsofobsidian:obsidian_sword":1,"toolsofobsidian:obsidian_boots":2,"minecraft:cooked_rabbit":1,"minecraft:crafting_table":1,"minecraft:wooden_pickaxe":1,"minecraft:baked_potato":24,"biomesoplenty:fir_planks":1180,"toolsofobsidian:obsidian_ingot":270,"minecraft:stick":128,"minecraft:iron_ingot":1,"minecraft:iron_pickaxe":4,"minecraft:stone_sword":1,"biomesoplenty:fir_door":3,"minecraft:coal":18,"minecraft:ladder":12,"minecraft:stone_pickaxe":3,"minecraft:cooked_cod":7,"minecraft:cooked_salmon":1,"minecraft:stone_axe":2,"toolsofobsidian:obsidian_axe":2,"toolsofobsidian:obsidian_pickaxe":2,"biomesoplenty:fir_fence":54,"minecraft:iron_shovel":4,"toolsofobsidian:obsidian_leggings":2,"minecraft:acacia_planks":8,"minecraft:torch":64},"minecraft:dropped":{"minecraft:iron_sword":2,"minecraft:dark_oak_stairs":4,"minecraft:baked_potato":4,"minecraft:glass_bottle":12,"minecraft:leather":21,"toolsofobsidian:obsidian_boots":1,"toolsofobsidian:obsidian_helmet":1,"biomesoplenty:fir_sapling":1,"paraglider:spirit_orb":67,"minecraft:redstone_lamp":1,"minecraft:dirt":36,"toolsofobsidian:obsidian_leggings":1,"minecraft:dark_oak_trapdoor":2,"minecraft:pumpkin_pie":9,"minecraft:iron_pickaxe":3,"minecraft:bone":2,"minecraft:cauldron":1,"minecraft:armor_stand":1,"toolsofobsidian:obsidian_chestplate":1,"minecraft:golden_chestplate":3,"minecraft:obsidian":40,"minecraft:stripped_dark_oak_log":2,"minecraft:rotten_flesh":3,"minecraft:chainmail_chestplate":1,"supplementaries:ash":8,"toolsofobsidian:obsidian_pickaxe":1,"minecraft:jungle_stairs":3,"minecraft:stone_brick_wall":1,"minecraft:hopper":4,"minecraft:acacia_slab":1,"minecraft:leather_boots":3,"minecraft:leather_leggings":1,"minecraft:iron_bars":4,"minecraft:arrow":2,"minecraft:stone_brick_stairs":2,"minecraft:golden_boots":4,"minecraft:iron_ingot":3,"minecraft:bread":7,"minecraft:wheat_seeds":43,"minecraft:golden_helmet":4,"minecraft:mossy_cobblestone":11,"minecraft:iron_helmet":4,"minecraft:yellow_terracotta":2,"minecraft:cobblestone":73,"minecraft:book":27,"minecraft:chainmail_helmet":2,"minecraft:coal":7,"spelunkers_charm:deepslate_rock":7,"warhammersmod:hammer_wood":1,"minecraft:iron_leggings":4,"minecraft:string":4,"minecraft:acacia_planks":4,"toolsofobsidian:obsidian_sword":1,"minecraft:stone_sword":1,"minecraft:iron_boots":2,"minecraft:comparator":1,"sophisticatedbackpacks:backpack":1,"minecraft:diamond_sword":1,"toolsofobsidian:obsidian_axe":1,"biomesoplenty:fir_planks":11,"minecraft:iron_chestplate":2,"minecraft:andesite":4,"minecraft:yellow_bed":1,"minecraft:golden_leggings":1,"minecraft:stone_bricks":4,"minecraft:spider_eye":1,"minecraft:wooden_pickaxe":2},"minecraft:broken":{"minecraft:iron_shovel":2,"minecraft:stone_axe":1,"minecraft:iron_axe":1}},"DataVersion":3465}