{"stats":{"minecraft:killed":{"minecraft:skeleton":1,"minecraft:pig":1,"minecraft:bee":2,"minecraft:vindicator":3,"minecraft:spider":1,"minecraft:warden":2,"minecraft:ravager":7,"minecraft:enderman":1},"minecraft:mined":{"minecraft:birch_log":1,"minecraft:birch_leaves":2,"minecraft:grass_block":1},"minecraft:dropped":{"securitycraft:universal_block_remover":1,"minecraft:vindicator_spawn_egg":1,"minecraft:dirt":1,"minecraft:porkchop":1,"minecraft:ravager_spawn_egg":1,"minecraft:trident":1,"securitycraft:universal_block_reinforcer_lvl3":1,"minecraft:diamond_chestplate":1,"minecraft:sculk_catalyst":4,"minecraft:ender_pearl":1,"minecraft:birch_sapling":7,"minecraft:netherite_chestplate":1,"minecraft:netherite_boots":1,"minecraft:netherite_axe":1,"minecraft:netherite_helmet":1,"minecraft:diamond_helmet":1,"minecraft:warden_spawn_egg":1,"tombstone:grave_dust":1,"minecraft:saddle":6,"securitycraft:sentry":7,"securitycraft:reinforced_glass":4,"minecraft:netherite_leggings":1,"minecraft:stick":5,"minecraft:emerald":1},"minecraft:picked_up":{"minecraft:sculk_catalyst":4,"minecraft:birch_log":1,"minecraft:stick":5,"securitycraft:universal_block_reinforcer_lvl3":1,"minecraft:porkchop":1,"minecraft:dirt":1,"securitycraft:reinforced_glass":18,"securitycraft:sentry":6,"securitycraft:alarm":1,"minecraft:saddle":6,"minecraft:emerald":1,"minecraft:birch_sapling":7,"minecraft:ender_pearl":1},"minecraft:killed_by":{"minecraft:skeleton":1},"minecraft:used":{"minecraft:ravager_spawn_egg":8,"minecraft:trident":3,"minecraft:netherite_chestplate":1,"minecraft:netherite_axe":284,"minecraft:vindicator_spawn_egg":15,"securitycraft:sentry":6,"minecraft:netherite_boots":1,"minecraft:netherite_leggings":1,"securitycraft:reinforced_glass":51,"tombstone:gift":1,"minecraft:birch_log":1,"minecraft:netherite_helmet":1,"securitycraft:universal_block_remover":15,"securitycraft:alarm":2,"minecraft:warden_spawn_egg":4},"minecraft:custom":{"minecraft:time_since_rest":3448,"minecraft:sprint_one_cm":20095,"minecraft:damage_taken":769,"minecraft:walk_one_cm":109390,"minecraft:mob_kills":19,"minecraft:drop":48,"minecraft:damage_dealt":7753,"minecraft:fly_one_cm":108497,"minecraft:open_chest":1,"minecraft:play_time":47973,"minecraft:crouch_one_cm":859,"minecraft:deaths":3,"minecraft:sneak_time":394,"minecraft:jump":109,"minecraft:leave_game":6,"minecraft:time_since_death":3825,"minecraft:total_world_time":47973,"minecraft:fall_one_cm":274}},"DataVersion":3465}